[
    {
        "actionName": "Action",
        "steps": [
            {
                "stepId": "STEP1",
                "stepName": "Url: index.htm",
                "infFile": "t1.inf",
                "time": 1716633905155
            },
            {
                "stepId": "STEP2",
                "stepName": "Url: register.htm;jsessionid={c_JSessionID}",
                "infFile": "t2.inf",
                "time": 1716633912989
            },
            {
                "stepId": "STEP3",
                "stepName": "Submit Data: register.htm",
                "infFile": "t3.inf",
                "time": 1716633918408
            },
            {
                "stepId": "STEP4",
                "stepName": "Url: logout.htm",
                "infFile": "t4.inf",
                "time": 1716633924234
            }
        ],
        "transactions": [
            {
                "transactionName": "ParaBank_AccountCreate_01_Launch",
                "rawStartTime": 1716633902773,
                "rawEndTime": 1716633907335,
                "thinkTime": 0.0,
                "wastedTime": 0.08908414840698242
            },
            {
                "transactionName": "ParaBank_AccountCreate_02_RegisterButton",
                "rawStartTime": 1716633912361,
                "rawEndTime": 1716633912996,
                "thinkTime": 0.0,
                "wastedTime": 0.005718231201171875
            },
            {
                "transactionName": "ParaBank_AccountCreate_03_RegisterCustomer",
                "rawStartTime": 1716633918017,
                "rawEndTime": 1716633918451,
                "thinkTime": 0.0,
                "wastedTime": 0.008312225341796875
            },
            {
                "transactionName": "ParaBank_AccountCreate_04_Logout",
                "rawStartTime": 1716633923507,
                "rawEndTime": 1716633924254,
                "thinkTime": 0.0,
                "wastedTime": 0.007767200469970703
            }
        ]
    }
]