{"OutputFileHashSum":"ED121119696F16C46841EE7AA06A8E0C16291A21E20118B21F65AC51BCA46F53","Converted":true,"OutputModifyDate":"2024-05-25T09:56:53.8032402Z","Metadatas":[{"CategoryName":"VuGen.Replay","Offset":568,"Length":21,"TypeId":1},{"CategoryName":"VuGen.Replay","Offset":1109,"Length":71,"TypeId":2},{"CategoryName":"VuGen.Replay","Offset":1545,"Length":129,"TypeId":2},{"CategoryName":"VuGen.Replay","Offset":1855,"Length":77,"TypeId":2},{"CategoryName":"VuGen.Replay","Offset":2266,"Length":135,"TypeId":2},{"CategoryName":"VuGen.Replay","Offset":2582,"Length":81,"TypeId":2},{"CategoryName":"VuGen.Replay","Offset":3233,"Length":139,"TypeId":2},{"CategoryName":"VuGen.Replay","Offset":3553,"Length":90,"TypeId":2},{"CategoryName":"VuGen.Replay","Offset":4001,"Length":149,"TypeId":2},{"CategoryName":"VuGen.Replay","Offset":4334,"Length":52,"TypeId":2},{"CategoryName":"VuGen.Replay","Offset":4939,"Length":110,"TypeId":2},{"CategoryName":"VuGen.Replay","Offset":5074,"Length":19,"TypeId":1}],"MetadataTypes":[{"CategoryName":"VuGen.Replay","MetadataTypeName":"HP.LR.Vugen.Iteration","Id":1},{"CategoryName":"VuGen.Replay","MetadataTypeName":"HP.LR.Vugen.NotifyTransaction","Id":2}]}