﻿<DataObject comparison="Ordinal">
  <Section id="">
    <Subsections>
      <Section id="General">
        <Subsections />
        <Entries>
          <Entry key="ElapsedTime">
            <double>21.881995699999997</double>
          </Entry>
          <Entry key="StartedAt">
            <dateTime>2024-05-25T16:15:02.4830293+05:30</dateTime>
          </Entry>
          <Entry key="EndedAt">
            <dateTime>2024-05-25T16:15:24.365025+05:30</dateTime>
          </Entry>
          <Entry key="ReplayStatus">
            <LastReplayRunStatus>Passed</LastReplayRunStatus>
          </Entry>
          <Entry key="NumberOfReplayErrors">
            <int>0</int>
          </Entry>
          <Entry key="NumberOfReplayCriticalErrors">
            <int>0</int>
          </Entry>
          <Entry key="NumberOfCompilationErrors">
            <int>0</int>
          </Entry>
        </Entries>
      </Section>
    </Subsections>
    <Entries>
      <Entry key="Iterations">
        <int>1</int>
      </Entry>
    </Entries>
  </Section>
</DataObject>