<?xml version="1.0" encoding="utf-8"?>
<VugenScriptMetadata>
  <ScriptName>CreateAccount</ScriptName>
  <Protocol>Web - HTTP/HTML</Protocol>
  <ActionFiles>
    <FileEntry Name="vuser_init.c" Filter="2" />
    <FileEntry Name="Action.c" Filter="2" />
    <FileEntry Name="vuser_end.c" Filter="2" />
  </ActionFiles>
  <GeneralFiles>
    <FileEntry Name="CreateAccount.usr" Filter="4" />
    <FileEntry Name="default.cfg" Filter="4" />
    <FileEntry Name="default.usp" Filter="4" />
    <FileEntry Name="CreateAccount_AccountOverview.prm" Filter="2" />
    <FileEntry Name="globals.h" Filter="2" />
    <FileEntry Name="p_FirstName.dat" Filter="2" />
    <FileEntry Name="p_Lastname.dat" Filter="2" />
    <FileEntry Name="combined_CreateAccount.c" Filter="2" />
    <FileEntry Name="combined_CreateAccount_AccountOverview.c" Filter="2" />
    <FileEntry Name="pre_cci.c" Filter="2" />
    <FileEntry Name="211054959440.idx" Filter="1" />
    <FileEntry Name="245884612440.idx" Filter="1" />
    <FileEntry Name="250213509440.idx" Filter="1" />
    <FileEntry Name="258661446440.idx" Filter="1" />
    <FileEntry Name="Bookmarks.xml" Filter="1" />
    <FileEntry Name="Breakpoints.xml" Filter="1" />
    <FileEntry Name="CompilerLogMetadata.xml" Filter="1" />
    <FileEntry Name="CreateAccount.c.pickle" Filter="1" />
    <FileEntry Name="CreateAccount.ci" Filter="1" />
    <FileEntry Name="CreateAccount_AccountOverview.c.pickle" Filter="1" />
    <FileEntry Name="CreateAccount_AccountOverview.ci" Filter="1" />
    <FileEntry Name="CreateAccount_AccountOverview.prm.bak" Filter="1" />
    <FileEntry Name="custom_body_variables.txt" Filter="1" />
    <FileEntry Name="logfile.log" Filter="1" />
    <FileEntry Name="lrw_custom_body.h" Filter="1" />
    <FileEntry Name="mdrv.log" Filter="1" />
    <FileEntry Name="mdrv6jy.981.log" Filter="1" />
    <FileEntry Name="mdrvnRO.215.log" Filter="1" />
    <FileEntry Name="mdrv_cmd.txt" Filter="1" />
    <FileEntry Name="mobilenum.dat" Filter="1" />
    <FileEntry Name="options.txt" Filter="1" />
    <FileEntry Name="output.bak" Filter="1" />
    <FileEntry Name="output.txt" Filter="1" />
    <FileEntry Name="OutputColoringDatabase.json" Filter="1" />
    <FileEntry Name="p_Hno.dat" Filter="1" />
    <FileEntry Name="p_SSNNum.dat" Filter="1" />
    <FileEntry Name="p_Username.dat" Filter="1" />
    <FileEntry Name="ReplaySummaryReport.xml" Filter="1" />
    <FileEntry Name="ScriptUploadMetadata.xml" Filter="1" />
    <FileEntry Name="ThumbnailsCache.tmp" Filter="1" />
    <FileEntry Name="TransactionsData.db" Filter="1" />
    <FileEntry Name="UserTasks.xml" Filter="1" />
    <FileEntry Name="data\" Filter="1" />
    <FileEntry Name="result1\" Filter="1" />
  </GeneralFiles>
</VugenScriptMetadata>