{
  "FilterHeaders": [
    {
      "Header": "x-goog-update-updater",
      "IncludeInScript": false
    },
    {
      "Header": "x-goog-update-interactivity",
      "IncludeInScript": false
    },
    {
      "Header": "x-goog-update-appid",
      "IncludeInScript": false
    },
    {
      "Header": "x-goog-api-key",
      "IncludeInScript": false
    },
    {
      "Header": "user-agent",
      "IncludeInScript": false
    },
    {
      "Header": "upgrade-insecure-requests",
      "IncludeInScript": false
    },
    {
      "Header": "sec-fetch-user",
      "IncludeInScript": false
    },
    {
      "Header": "sec-fetch-site",
      "IncludeInScript": false
    },
    {
      "Header": "sec-fetch-mode",
      "IncludeInScript": false
    },
    {
      "Header": "sec-fetch-dest",
      "IncludeInScript": false
    },
    {
      "Header": "sec-ch-ua-platform",
      "IncludeInScript": false
    },
    {
      "Header": "sec-ch-ua-mobile",
      "IncludeInScript": false
    },
    {
      "Header": "sec-ch-ua",
      "IncludeInScript": false
    },
    {
      "Header": "origin",
      "IncludeInScript": false
    },
    {
      "Header": "cache-control",
      "IncludeInScript": false
    },
    {
      "Header": "accept-language",
      "IncludeInScript": false
    },
    {
      "Header": "accept-encoding",
      "IncludeInScript": false
    },
    {
      "Header": "accept",
      "IncludeInScript": false
    }
  ],
  "FilterResources": [
    {
      "IsNonResource": false,
      "type": "text/javascript"
    },
    {
      "IsNonResource": true,
      "type": "text/html"
    },
    {
      "IsNonResource": false,
      "type": "text/css"
    },
    {
      "IsNonResource": false,
      "type": "message/ohttp-res"
    },
    {
      "IsNonResource": false,
      "type": "image/jpeg"
    },
    {
      "IsNonResource": false,
      "type": "image/gif"
    },
    {
      "IsNonResource": false,
      "type": "application/x-protobuf"
    },
    {
      "IsNonResource": true,
      "type": "application/json"
    }
  ],
  "GeneralInfo": {
    "BrowserVersion": "",
    "IsWinInetMode": false,
    "MaxUsedConnections": 6,
    "RecordedBrowser": "Chrome",
    "RecordingDate": "May-25-2024",
    "RecordingDuration": 307234,
    "RecordingMode": "N/A",
    "RecordingTimeStamp": 1716614630,
    "RecordingType": "Browser",
    "TotalBytesReceived": 163330,
    "TotalBytesSent": 20466,
    "TotalRequests": 15,
    "UserAgent": "Mozilla/5.0 (Windows NT 10.0; Win64; x64) AppleWebKit/537.36 (KHTML, like Gecko) Chrome/125.0.0.0 Safari/537.36"
  },
  "HostInfo": [
    {
      "DomainName": "parasoft.com",
      "Domains": [
        {
          "HTTPVersion": "HTTP/1.1",
          "IP": "[2606:4700:10::ac43:621]",
          "IncludeInScript": true,
          "Name": "parabank.parasoft.com",
          "Port": 443,
          "Requests": [
            {
              "CompressionType": "gzip",
              "DataType": "text/html",
              "DownloadTime": 188,
              "EventId": 216,
              "HttpStatus": 200,
              "Size": 1995,
              "URL": "https://parabank.parasoft.com/parabank/overview.htm"
            },
            {
              "CompressionType": "",
              "DataType": "image/jpeg",
              "DownloadTime": 78,
              "EventId": 185,
              "HttpStatus": 200,
              "Size": 59316,
              "URL": "https://parabank.parasoft.com/parabank/images/header-customer.jpg"
            },
            {
              "CompressionType": "gzip",
              "DataType": "text/html",
              "DownloadTime": 203,
              "EventId": 179,
              "HttpStatus": 200,
              "Size": 1210,
              "URL": "https://parabank.parasoft.com/parabank/register.htm"
            },
            {
              "CompressionType": "gzip",
              "DataType": "text/html",
              "DownloadTime": 188,
              "EventId": 166,
              "HttpStatus": 200,
              "Size": 1663,
              "URL": "https://parabank.parasoft.com/parabank/register.htm;jsessionid=683F244FA159A1DBD11D425E5966BD37"
            },
            {
              "CompressionType": "",
              "DataType": "image/jpeg",
              "DownloadTime": 62,
              "EventId": 95,
              "HttpStatus": 200,
              "Size": 58862,
              "URL": "https://parabank.parasoft.com/parabank/images/header-main.jpg;jsessionid=683F244FA159A1DBD11D425E5966BD37"
            },
            {
              "CompressionType": "",
              "DataType": "image/gif",
              "DownloadTime": 63,
              "EventId": 90,
              "HttpStatus": 200,
              "Size": 807,
              "URL": "https://parabank.parasoft.com/parabank/images/clear.gif;jsessionid=683F244FA159A1DBD11D425E5966BD37"
            },
            {
              "CompressionType": "",
              "DataType": "image/gif",
              "DownloadTime": 63,
              "EventId": 87,
              "HttpStatus": 200,
              "Size": 1483,
              "URL": "https://parabank.parasoft.com/parabank/images/logo.gif;jsessionid=683F244FA159A1DBD11D425E5966BD37"
            },
            {
              "CompressionType": "gzip",
              "DataType": "text/javascript",
              "DownloadTime": 47,
              "EventId": 59,
              "HttpStatus": 200,
              "Size": 30358,
              "URL": "https://parabank.parasoft.com/parabank/webjars/jquery/3.7.1/jquery.min.js;jsessionid=683F244FA159A1DBD11D425E5966BD37"
            },
            {
              "CompressionType": "gzip",
              "DataType": "text/css",
              "DownloadTime": 172,
              "EventId": 55,
              "HttpStatus": 200,
              "Size": 604,
              "URL": "https://parabank.parasoft.com/parabank/style.css;jsessionid=683F244FA159A1DBD11D425E5966BD37"
            },
            {
              "CompressionType": "gzip",
              "DataType": "text/css",
              "DownloadTime": 47,
              "EventId": 50,
              "HttpStatus": 200,
              "Size": 1845,
              "URL": "https://parabank.parasoft.com/parabank/template.css;jsessionid=683F244FA159A1DBD11D425E5966BD37"
            },
            {
              "CompressionType": "gzip",
              "DataType": "text/html",
              "DownloadTime": 125,
              "EventId": 43,
              "HttpStatus": 200,
              "Size": 1546,
              "URL": "https://parabank.parasoft.com/parabank/index.htm"
            }
          ],
          "SSLCipher": "",
          "SSLVersion": ""
        }
      ],
      "IncludeInScript": true
    },
    {
      "DomainName": "googleapis.com",
      "Domains": [
        {
          "HTTPVersion": "HTTP/1.1",
          "IP": "[2607:f8b0:4005:80c::2003]",
          "IncludeInScript": true,
          "Name": "update.googleapis.com",
          "Port": 443,
          "Requests": [
            {
              "CompressionType": "gzip",
              "DataType": "application/json",
              "DownloadTime": 62,
              "EventId": 157,
              "HttpStatus": 200,
              "Size": 922,
              "URL": "https://update.googleapis.com/service/update2/json?cup2key=14:6osrzyM5145El_tCW1toa38e1NAx5hJe1V9YBtjedN4&cup2hreq=d6ccdc3ca1afce05d4c390f672a68537387deb8a771a49cc6b903eefeea3f92d"
            }
          ],
          "SSLCipher": "TLS_AES_256_GCM_SHA384",
          "SSLVersion": "TLS1.3"
        },
        {
          "HTTPVersion": "HTTP/1.1",
          "IP": "[2607:f8b0:4005:813::200a]",
          "IncludeInScript": true,
          "Name": "passwordsleakcheck-pa.googleapis.com",
          "Port": 443,
          "Requests": [
            {
              "CompressionType": "gzip",
              "DataType": "application/x-protobuf",
              "DownloadTime": 78,
              "EventId": 207,
              "HttpStatus": 200,
              "Size": 2521,
              "URL": "https://passwordsleakcheck-pa.googleapis.com/v1/leaks:lookupSingle"
            }
          ],
          "SSLCipher": "TLS_AES_256_GCM_SHA384",
          "SSLVersion": "TLS1.3"
        }
      ],
      "IncludeInScript": true
    },
    {
      "DomainName": "google.com",
      "Domains": [
        {
          "HTTPVersion": "HTTP/1.1",
          "IP": "[2607:f8b0:400e:c01::54]",
          "IncludeInScript": true,
          "Name": "accounts.google.com",
          "Port": 443,
          "Requests": [
            {
              "CompressionType": "gzip",
              "DataType": "application/json",
              "DownloadTime": 31,
              "EventId": 37,
              "HttpStatus": 200,
              "Size": 43,
              "URL": "https://accounts.google.com/ListAccounts?gpsia=1&source=ChromiumBrowser&json=standard"
            }
          ],
          "SSLCipher": "TLS_AES_256_GCM_SHA384",
          "SSLVersion": "TLS1.3"
        }
      ],
      "IncludeInScript": true
    },
    {
      "DomainName": "fastly-edge.com",
      "Domains": [
        {
          "HTTPVersion": "HTTP/1.1",
          "IP": "[2a04:4e42:7a::347]",
          "IncludeInScript": true,
          "Name": "google-ohttp-relay-safebrowsing.fastly-edge.com",
          "Port": 443,
          "Requests": [
            {
              "CompressionType": "",
              "DataType": "message/ohttp-res",
              "DownloadTime": 47,
              "EventId": 201,
              "HttpStatus": 200,
              "Size": 155,
              "URL": "https://google-ohttp-relay-safebrowsing.fastly-edge.com/"
            }
          ],
          "SSLCipher": "",
          "SSLVersion": ""
        }
      ],
      "IncludeInScript": true
    }
  ],
  "WebSocket": {
    "IncludeInScript": false,
    "IsScriptIncludeWebSocket": false
  },
  "NumberOfCorrelations": 1
}