[
    {
        "actionName": "Action",
        "steps": [
            {
                "stepId": "STEP1",
                "stepName": "Url: index.htm",
                "infFile": "t1.inf",
                "time": 1716633379761
            },
            {
                "stepId": "STEP2",
                "stepName": "Url: contact",
                "infFile": "t2.inf",
                "time": 1716633387342
            },
            {
                "stepId": "STEP3",
                "stepName": "Submit Data: contact.htm",
                "infFile": "t3.inf",
                "time": 1716633392739
            }
        ],
        "transactions": [
            {
                "transactionName": "ParaBank_01_Launch",
                "rawStartTime": 1716633378443,
                "rawEndTime": 1716633381941,
                "thinkTime": 0.0,
                "wastedTime": 0.09002900123596192
            },
            {
                "transactionName": "ParaBank_RaiseTicket_01_ClickSupportIcon",
                "rawStartTime": 1716633387017,
                "rawEndTime": 1716633387362,
                "thinkTime": 0.0,
                "wastedTime": 0.003568887710571289
            },
            {
                "transactionName": "ParBank_RaiseTicket_02_EnterDetail_SendToCustSpt",
                "rawStartTime": 1716633392414,
                "rawEndTime": 1716633392757,
                "thinkTime": 0.0,
                "wastedTime": 0.00492405891418457
            }
        ]
    }
]