{
  "FilterHeaders": [
    {
      "Header": "x-goog-update-updater",
      "IncludeInScript": false
    },
    {
      "Header": "x-goog-update-interactivity",
      "IncludeInScript": false
    },
    {
      "Header": "x-goog-update-appid",
      "IncludeInScript": false
    },
    {
      "Header": "user-agent",
      "IncludeInScript": false
    },
    {
      "Header": "upgrade-insecure-requests",
      "IncludeInScript": false
    },
    {
      "Header": "sec-fetch-user",
      "IncludeInScript": false
    },
    {
      "Header": "sec-fetch-site",
      "IncludeInScript": false
    },
    {
      "Header": "sec-fetch-mode",
      "IncludeInScript": false
    },
    {
      "Header": "sec-fetch-dest",
      "IncludeInScript": false
    },
    {
      "Header": "sec-ch-ua-platform",
      "IncludeInScript": false
    },
    {
      "Header": "sec-ch-ua-mobile",
      "IncludeInScript": false
    },
    {
      "Header": "sec-ch-ua",
      "IncludeInScript": false
    },
    {
      "Header": "origin",
      "IncludeInScript": false
    },
    {
      "Header": "if-none-match",
      "IncludeInScript": false
    },
    {
      "Header": "cache-control",
      "IncludeInScript": false
    },
    {
      "Header": "accept-language",
      "IncludeInScript": false
    },
    {
      "Header": "accept-encoding",
      "IncludeInScript": false
    },
    {
      "Header": "accept",
      "IncludeInScript": false
    },
    {
      "Header": "a-im",
      "IncludeInScript": false
    }
  ],
  "FilterResources": [
    {
      "IsNonResource": false,
      "type": "text/javascript"
    },
    {
      "IsNonResource": true,
      "type": "text/html"
    },
    {
      "IsNonResource": false,
      "type": "text/css"
    },
    {
      "IsNonResource": false,
      "type": "message/ohttp-res"
    },
    {
      "IsNonResource": false,
      "type": "image/jpeg"
    },
    {
      "IsNonResource": false,
      "type": "image/gif"
    },
    {
      "IsNonResource": true,
      "type": "application/json"
    }
  ],
  "GeneralInfo": {
    "BrowserVersion": "",
    "IsWinInetMode": false,
    "MaxUsedConnections": 9,
    "RecordedBrowser": "Chrome",
    "RecordingDate": "May-25-2024",
    "RecordingDuration": 134422,
    "RecordingMode": "N/A",
    "RecordingTimeStamp": 1716620538,
    "RecordingType": "Browser",
    "TotalBytesReceived": 100218,
    "TotalBytesSent": 22287,
    "TotalRequests": 15,
    "UserAgent": "Mozilla/5.0 (Windows NT 10.0; Win64; x64) AppleWebKit/537.36 (KHTML, like Gecko) Chrome/125.0.0.0 Safari/537.36"
  },
  "HostInfo": [
    {
      "DomainName": "parasoft.com",
      "Domains": [
        {
          "HTTPVersion": "HTTP/1.1",
          "IP": "[2606:4700:10::ac43:621]",
          "IncludeInScript": true,
          "Name": "parabank.parasoft.com",
          "Port": 443,
          "Requests": [
            {
              "CompressionType": "gzip",
              "DataType": "text/html",
              "DownloadTime": 172,
              "EventId": 206,
              "HttpStatus": 200,
              "Size": 1241,
              "URL": "https://parabank.parasoft.com/parabank/contact.htm"
            },
            {
              "CompressionType": "gzip",
              "DataType": "text/html",
              "DownloadTime": 63,
              "EventId": 144,
              "HttpStatus": 200,
              "Size": 1459,
              "URL": "https://parabank.parasoft.com/parabank/contact.htm;jsessionid=70C095D2641C8FE0916F16E37DB2EB78"
            },
            {
              "CompressionType": "",
              "DataType": "image/jpeg",
              "DownloadTime": 47,
              "EventId": 96,
              "HttpStatus": 200,
              "Size": 58862,
              "URL": "https://parabank.parasoft.com/parabank/images/header-main.jpg;jsessionid=70C095D2641C8FE0916F16E37DB2EB78"
            },
            {
              "CompressionType": "",
              "DataType": "image/gif",
              "DownloadTime": 63,
              "EventId": 93,
              "HttpStatus": 200,
              "Size": 1483,
              "URL": "https://parabank.parasoft.com/parabank/images/logo.gif;jsessionid=70C095D2641C8FE0916F16E37DB2EB78"
            },
            {
              "CompressionType": "gzip",
              "DataType": "text/css",
              "DownloadTime": 188,
              "EventId": 90,
              "HttpStatus": 200,
              "Size": 604,
              "URL": "https://parabank.parasoft.com/parabank/style.css;jsessionid=70C095D2641C8FE0916F16E37DB2EB78"
            },
            {
              "CompressionType": "",
              "DataType": "image/gif",
              "DownloadTime": 47,
              "EventId": 88,
              "HttpStatus": 200,
              "Size": 807,
              "URL": "https://parabank.parasoft.com/parabank/images/clear.gif;jsessionid=70C095D2641C8FE0916F16E37DB2EB78"
            },
            {
              "CompressionType": "gzip",
              "DataType": "text/javascript",
              "DownloadTime": 62,
              "EventId": 61,
              "HttpStatus": 200,
              "Size": 30362,
              "URL": "https://parabank.parasoft.com/parabank/webjars/jquery/3.7.1/jquery.min.js;jsessionid=70C095D2641C8FE0916F16E37DB2EB78"
            },
            {
              "CompressionType": "gzip",
              "DataType": "text/css",
              "DownloadTime": 63,
              "EventId": 56,
              "HttpStatus": 200,
              "Size": 1845,
              "URL": "https://parabank.parasoft.com/parabank/template.css;jsessionid=70C095D2641C8FE0916F16E37DB2EB78"
            },
            {
              "CompressionType": "gzip",
              "DataType": "text/html",
              "DownloadTime": 141,
              "EventId": 49,
              "HttpStatus": 200,
              "Size": 1547,
              "URL": "https://parabank.parasoft.com/parabank/index.htm"
            }
          ],
          "SSLCipher": "",
          "SSLVersion": ""
        }
      ],
      "IncludeInScript": true
    },
    {
      "DomainName": "googleapis.com",
      "Domains": [
        {
          "HTTPVersion": "HTTP/1.1",
          "IP": "[2607:f8b0:4005:80c::2003]",
          "IncludeInScript": true,
          "Name": "update.googleapis.com",
          "Port": 80,
          "Requests": [
            {
              "CompressionType": "gzip",
              "DataType": "application/json",
              "DownloadTime": 47,
              "EventId": 186,
              "HttpStatus": 200,
              "Size": 170,
              "URL": "http://update.googleapis.com/service/update2/json"
            },
            {
              "CompressionType": "gzip",
              "DataType": "application/json",
              "DownloadTime": 47,
              "EventId": 162,
              "HttpStatus": 200,
              "Size": 1388,
              "URL": "http://update.googleapis.com/service/update2/json?cup2key=14:-XsCzPqA9sFsxYO2Upe0y5epoesQfRtiRJQe9n_0xQw&cup2hreq=77d42eb1a1dac7ef3c80bbfd43c0f1aa82bdd0b0f4dff0ca1f23dbd64913ede8"
            }
          ],
          "SSLCipher": "None",
          "SSLVersion": "None"
        },
        {
          "HTTPVersion": "HTTP/1.1",
          "IP": "[2607:f8b0:4005:80c::2003]",
          "IncludeInScript": true,
          "Name": "update.googleapis.com",
          "Port": 443,
          "Requests": [
            {
              "CompressionType": "gzip",
              "DataType": "application/json",
              "DownloadTime": 78,
              "EventId": 45,
              "HttpStatus": 200,
              "Size": 241,
              "URL": "https://update.googleapis.com/service/update2/json?cup2key=14:Dk7kFo61twtFsuHey3zhQi4-OSx5_8tx6ILp02kZ4F0&cup2hreq=2ce61de4c79e180d727d716d69716ee2f9dde0c4bc854697deb276d97c73c603"
            }
          ],
          "SSLCipher": "TLS_AES_256_GCM_SHA384",
          "SSLVersion": "TLS1.3"
        },
        {
          "HTTPVersion": "HTTP/1.1",
          "IP": "[2607:f8b0:4005:811::2003]",
          "IncludeInScript": true,
          "Name": "clientservices.googleapis.com",
          "Port": 443,
          "Requests": [
            {
              "CompressionType": "",
              "DataType": "",
              "DownloadTime": 47,
              "EventId": 34,
              "HttpStatus": 304,
              "Size": 0,
              "URL": "https://clientservices.googleapis.com/chrome-variations/seed?osname=win&channel=stable&milestone=125"
            }
          ],
          "SSLCipher": "TLS_AES_256_GCM_SHA384",
          "SSLVersion": "TLS1.3"
        }
      ],
      "IncludeInScript": true
    },
    {
      "DomainName": "google.com",
      "Domains": [
        {
          "HTTPVersion": "HTTP/1.1",
          "IP": "[2607:f8b0:400e:c02::54]",
          "IncludeInScript": true,
          "Name": "accounts.google.com",
          "Port": 443,
          "Requests": [
            {
              "CompressionType": "gzip",
              "DataType": "application/json",
              "DownloadTime": 47,
              "EventId": 36,
              "HttpStatus": 200,
              "Size": 43,
              "URL": "https://accounts.google.com/ListAccounts?gpsia=1&source=ChromiumBrowser&json=standard"
            }
          ],
          "SSLCipher": "",
          "SSLVersion": ""
        }
      ],
      "IncludeInScript": true
    },
    {
      "DomainName": "fastly-edge.com",
      "Domains": [
        {
          "HTTPVersion": "HTTP/1.1",
          "IP": "[2a04:4e42:7a::347]",
          "IncludeInScript": true,
          "Name": "google-ohttp-relay-safebrowsing.fastly-edge.com",
          "Port": 443,
          "Requests": [
            {
              "CompressionType": "",
              "DataType": "message/ohttp-res",
              "DownloadTime": 31,
              "EventId": 151,
              "HttpStatus": 200,
              "Size": 166,
              "URL": "https://google-ohttp-relay-safebrowsing.fastly-edge.com/"
            }
          ],
          "SSLCipher": "TLS_AES_128_GCM_SHA256",
          "SSLVersion": "TLS1.3"
        }
      ],
      "IncludeInScript": true
    }
  ],
  "WebSocket": {
    "IncludeInScript": false,
    "IsScriptIncludeWebSocket": false
  },
  "NumberOfCorrelations": 1
}