﻿<?xml version="1.0" encoding="UTF-8"?><SLA Version="1.0"><TxList><Tx>ParaBank_AccountCreate_01_Launch</Tx><Tx>ParaBank_AccountCreate_03_RegisterCustomer</Tx><Tx>CURA_BookAptnmnt_02_Launch</Tx><Tx>vuser_end_Transaction</Tx><Tx>CURA_BookAptnmnt_02_ClkLoginIcon</Tx><Tx>ParaBank_AccountCreate_04_Logout</Tx><Tx>vuser_init_Transaction</Tx><Tx>CURA_BookAptnmnt_03_EnterCrdClkLogin</Tx><Tx>ParBank_RaiseTicket_02_EnterDetail_SendToCustSpt</Tx><Tx>Logout</Tx><Tx>CURA_BookAPtnmnt_04_EnterDetail_ClkBookAptmnt</Tx><Tx>ParaBank_RaiseTicket_01_ClickSupportIcon</Tx><Tx>ParaBank_01_Launch</Tx><Tx>ParaBank_AccountCreate_02_RegisterButton</Tx><Tx>Action_Transaction</Tx></TxList><SLARules><TrackingPeriodType>Default</TrackingPeriodType><TrackingPeriodValue></TrackingPeriodValue><TrackingPeriodTimeScale></TrackingPeriodTimeScale></SLARules></SLA>