[
    {
        "actionName": "Action",
        "steps": [
            {
                "stepId": "STEP1",
                "stepName": "Url: katalon-demo-cura.herokuapp.com",
                "infFile": "t1.inf",
                "time": 1716622844074
            },
            {
                "stepId": "STEP2",
                "stepName": "Url: profile.php",
                "infFile": "t2.inf",
                "time": 1716622849281
            },
            {
                "stepId": "STEP3",
                "stepName": "Submit Data: authenticate.php",
                "infFile": "t3.inf",
                "time": 1716622854831
            },
            {
                "stepId": "STEP4",
                "stepName": "Submit Data: appointment.php",
                "infFile": "t4.inf",
                "time": 1716622860033
            },
            {
                "stepId": "STEP5",
                "stepName": "Url: Logout",
                "infFile": "t5.inf",
                "time": 1716622868492
            }
        ],
        "transactions": [
            {
                "transactionName": "CURA_BookAptnmnt_02_Launch",
                "rawStartTime": 1716622843240,
                "rawEndTime": 1716622844100,
                "thinkTime": 0.0,
                "wastedTime": 0.09254574775695801
            },
            {
                "transactionName": "CURA_BookAptnmnt_02_ClkLoginIcon",
                "rawStartTime": 1716622849153,
                "rawEndTime": 1716622849310,
                "thinkTime": 0.0,
                "wastedTime": 0.008739233016967774
            },
            {
                "transactionName": "CURA_BookAptnmnt_03_EnterCrdClkLogin",
                "rawStartTime": 1716622854357,
                "rawEndTime": 1716622854853,
                "thinkTime": 0.0,
                "wastedTime": 0.008591175079345703
            },
            {
                "transactionName": "CURA_BookAPtnmnt_04_EnterDetail_ClkBookAptmnt",
                "rawStartTime": 1716622859907,
                "rawEndTime": 1716622860063,
                "thinkTime": 0.0,
                "wastedTime": 0.006668806076049805
            },
            {
                "transactionName": "Logout",
                "rawStartTime": 1716622868252,
                "rawEndTime": 1716622868524,
                "thinkTime": 0.0,
                "wastedTime": 0.012414932250976563
            }
        ]
    }
]